{"cameraMode":{"drawMode":0,"name":"Shaded","section":"Shading Mode"},"sceneLighting":true,"audioPlay":false,"sceneViewState":{"showFog":true,"showMaterialUpdate":false,"showSkybox":true,"showFlares":true,"showImageEffects":true,"showParticleSystems":true},"in2DMode":false,"pivot":{"x":139.0367889404297,"y":39.64618682861328,"z":118.93145751953125},"rotation":{"x":0.11721023172140122,"y":0.31450971961021426,"z":-0.0391676127910614,"w":0.941175639629364},"size":3.7545201778411867,"orthographic":false}