{"cameraMode":{"drawMode":0,"name":"Shaded","section":"Shading Mode"},"sceneLighting":false,"audioPlay":false,"sceneViewState":{"showFog":false,"showMaterialUpdate":false,"showSkybox":false,"showFlares":false,"showImageEffects":false,"showParticleSystems":false},"in2DMode":false,"pivot":{"x":65.35652160644531,"y":79.00386810302735,"z":72.50322723388672},"rotation":{"x":0.10384867340326309,"y":0.7268734574317932,"z":-0.11275498569011688,"w":0.6694490909576416},"size":5.827766418457031,"orthographic":false}